[{"id":"user-image-Plandetravail1.png","publicUrl":"np://user.desktop.nicepage.com/Site_789611100/images/Plandetravail1.png","size":5927,"fileName":"Plandetravail1.png","name":"Plandetravail1","width":1085,"height":213,"thumbnail":{"url":"np://user.desktop.nicepage.com/Site_789611100/images/thumbnails/Plandetravail1.png","width":250,"height":49},"usages":[]},{"id":"user-image-space-jam-2-trailer-1.png","publicUrl":"np://user.desktop.nicepage.com/Site_789611100/images/space-jam-2-trailer-1.png","size":1316861,"fileName":"space-jam-2-trailer-1.png","name":"space-jam-2-trailer-1","width":1400,"height":700,"thumbnail":{"url":"np://user.desktop.nicepage.com/Site_789611100/images/thumbnails/space-jam-2-trailer-1.png","width":250,"height":125},"usages":["64959257"]},{"id":"user-image-._V1_FMjpg_UX1000_.jpg","publicUrl":"np://user.desktop.nicepage.com/Site_789611100/images/._V1_FMjpg_UX1000_.jpg","size":133709,"fileName":"._V1_FMjpg_UX1000_.jpg","name":"._V1_FMjpg_UX1000_","width":1000,"height":1482,"thumbnail":{"url":"np://user.desktop.nicepage.com/Site_789611100/images/thumbnails/._V1_FMjpg_UX1000_.jpg","width":169,"height":250},"usages":["64959257"]},{"id":"user-image-0206747.jpg","publicUrl":"np://user.desktop.nicepage.com/Site_789611100/images/0206747.jpg","size":747303,"fileName":"0206747.jpg","name":"0206747","width":1080,"height":1600,"thumbnail":{"url":"np://user.desktop.nicepage.com/Site_789611100/images/thumbnails/0206747.jpg","width":169,"height":250},"usages":["64959257"]},{"id":"user-image-._V1_FMjpg_UX1000_2.jpg","publicUrl":"np://user.desktop.nicepage.com/Site_789611100/images/._V1_FMjpg_UX1000_2.jpg","size":221231,"fileName":"._V1_FMjpg_UX1000_2.jpg","name":"._V1_FMjpg_UX1000_2","width":1000,"height":1482,"thumbnail":{"url":"np://user.desktop.nicepage.com/Site_789611100/images/thumbnails/._V1_FMjpg_UX1000_2.jpg","width":169,"height":250},"usages":["64959257"]},{"id":"user-image-topgun-3acab88716c6d597663f7f87d418dbbf41543b54-s1100-c50.jpg","publicUrl":"np://user.desktop.nicepage.com/Site_789611100/images/topgun-3acab88716c6d597663f7f87d418dbbf41543b54-s1100-c50.jpg","size":79873,"fileName":"topgun-3acab88716c6d597663f7f87d418dbbf41543b54-s1100-c50.jpg","name":"topgun-3acab88716c6d597663f7f87d418dbbf41543b54-s1100-c50","width":1100,"height":824,"thumbnail":{"url":"np://user.desktop.nicepage.com/Site_789611100/images/thumbnails/topgun-3acab88716c6d597663f7f87d418dbbf41543b54-s1100-c50.jpg","width":250,"height":187},"usages":["34104319"]},{"id":"user-image-finaldiscord.jpg","publicUrl":"np://user.desktop.nicepage.com/Site_789611100/images/finaldiscord.jpg","size":485261,"fileName":"finaldiscord.jpg","name":"finaldiscord","width":1024,"height":1024,"thumbnail":{"url":"np://user.desktop.nicepage.com/Site_789611100/images/thumbnails/finaldiscord.jpg","width":250,"height":250},"usages":["1607329398"]},{"id":"user-image-237638090_1458991554473378_7658175595388031836_n.jpg","publicUrl":"np://user.desktop.nicepage.com/Site_789611100/images/237638090_1458991554473378_7658175595388031836_n.jpg","size":229866,"fileName":"237638090_1458991554473378_7658175595388031836_n.jpg","name":"237638090_1458991554473378_7658175595388031836_n","width":1125,"height":1120,"thumbnail":{"url":"np://user.desktop.nicepage.com/Site_789611100/images/thumbnails/237638090_1458991554473378_7658175595388031836_n.jpg","width":250,"height":249},"usages":["1607329398"]},{"id":"user-image-64959257-0.jpeg","publicUrl":"np://user.desktop.nicepage.com/Site_789611100/images/64959257-0.jpeg","size":51240,"fileName":"64959257-0.jpeg","name":"64959257-0","width":1200,"height":1200,"thumbnail":{"url":"np://user.desktop.nicepage.com/Site_789611100/images/64959257-0.jpeg","width":250,"height":250},"usages":["64959257"]},{"id":"user-image-Primary_BoxCover_800_1200.jpg","publicUrl":"np://user.desktop.nicepage.com/Site_789611100/images/Primary_BoxCover_800_1200.jpg","size":1177892,"fileName":"Primary_BoxCover_800_1200.jpg","name":"Primary_BoxCover_800_1200","width":800,"height":1200,"thumbnail":{"url":"np://user.desktop.nicepage.com/Site_789611100/images/thumbnails/Primary_BoxCover_800_1200.jpg","width":167,"height":250},"usages":["64959257"]},{"id":"user-image-0b371d95-cef3-309c-0783-7dfc0a6d54d4.jpg","publicUrl":"np://user.desktop.nicepage.com/Site_789611100/images/0b371d95-cef3-309c-0783-7dfc0a6d54d4.jpg","size":38787,"fileName":"0b371d95-cef3-309c-0783-7dfc0a6d54d4.jpg","name":"0b371d95-cef3-309c-0783-7dfc0a6d54d4","width":1920,"height":1200,"thumbnail":{"url":"np://user.desktop.nicepage.com/Site_789611100/images/thumbnails/0b371d95-cef3-309c-0783-7dfc0a6d54d4.jpg","width":250,"height":156},"originalUrl":"//images01.nicepage.com/c461c07a441a5d220e8feb1a/0c70c1dc45215c91bb7293c6/0b371d95-cef3-309c-0783-7dfc0a6d54d4.jpg","usages":["1916123490"]},{"id":"user-image-._V1_FMjpg_UX1000_3.jpg","publicUrl":"np://user.desktop.nicepage.com/Site_789611100/images/._V1_FMjpg_UX1000_3.jpg","size":209211,"fileName":"._V1_FMjpg_UX1000_3.jpg","name":"._V1_FMjpg_UX1000_3","width":1000,"height":1481,"thumbnail":{"url":"np://user.desktop.nicepage.com/Site_789611100/images/thumbnails/._V1_FMjpg_UX1000_3.jpg","width":169,"height":250},"usages":["64959257"]},{"id":"user-image-._V1_FMjpg_UX1000_4.jpg","publicUrl":"np://user.desktop.nicepage.com/Site_789611100/images/._V1_FMjpg_UX1000_4.jpg","size":161329,"fileName":"._V1_FMjpg_UX1000_4.jpg","name":"._V1_FMjpg_UX1000_4","width":1000,"height":1410,"thumbnail":{"url":"np://user.desktop.nicepage.com/Site_789611100/images/thumbnails/._V1_FMjpg_UX1000_4.jpg","width":177,"height":250},"usages":["64959257"]},{"id":"user-image-avatar.jpeg","publicUrl":"np://user.desktop.nicepage.com/Site_789611100/images/avatar.jpeg","size":297527,"fileName":"avatar.jpeg","name":"avatar","width":1200,"height":1500,"thumbnail":{"url":"np://user.desktop.nicepage.com/Site_789611100/images/thumbnails/avatar.jpeg","width":200,"height":250},"usages":["64959257"]},{"id":"user-image-._V1_.jpg","publicUrl":"np://user.desktop.nicepage.com/Site_789611100/images/._V1_.jpg","size":124498,"fileName":"._V1_.jpg","name":"._V1_","width":714,"height":1113,"thumbnail":{"url":"np://user.desktop.nicepage.com/Site_789611100/images/thumbnails/._V1_.jpg","width":160,"height":250},"usages":["64959257"]}]